Etunimi,Lukumäärä
Timo,"45,777"
Juha,"45,542"
Matti,"45,473"
Kari,"41,643"
Mikko,"39,239"
Antti,"38,797"
Jari,"38,463"
Jukka,"34,887"
Markku,"34,160"
Mika,"33,851"
Pekka,"33,810"
Hannu,"31,134"
Heikki,"30,684"
Seppo,"29,587"
Janne,"27,790"
Ari,"27,554"
Sami,"26,350"
Ville,"25,776"
Marko,"25,343"
Petri,"24,370"
Erkki,"23,898"
Lauri,"23,849"
Pentti,"23,462"
Jani,"22,900"
Jorma,"21,795"
Harri,"20,397"
Teemu,"20,342"
Eero,"19,755"
Raimo,"19,634"
Jaakko,"19,132"
Risto,"19,098"
Jarmo,"19,055"
Pasi,"18,246"
Jussi,"18,216"
Martti,"17,634"
Pertti,"17,630"
Esa,"17,559"
Juho,"17,259"
Jouni,"17,016"
Reijo,"16,949"
Niko,"16,822"
Toni,"16,802"
Veikko,"16,748"
Arto,"16,684"
Jouko,"16,001"
Markus,"15,833"
Vesa,"15,768"
Esko,"15,689"
Tomi,"15,537"
Olli,"15,445"
Tuomas,"15,362"
Aleksi,"15,057"
Kimmo,"14,978"
Joni,"14,555"
Tommi,"14,413"
Tero,"14,049"
Joonas,"13,087"
Henri,"12,665"
Eetu,"12,032"
Paavo,"11,724"
Kalle,"11,615"
Ilkka,"11,594"
Jarkko,"11,447"
Pauli,"11,365"
Leo,"11,265"
Jesse,"10,954"
Eino,"10,867"
Tuomo,"10,858"
Joona,"10,374"
Tapio,"10,059"
Veli,"9,832"
Jere,"9,800"
Juuso,"9,460"
Keijo,"9,379"
Mikael,"9,363"
Elias,"9,301"
Matias,"9,122"
Simo,"9,116"
Onni,"9,062"
Jyrki,"8,903"
Arttu,"8,803"
Lasse,"8,799"
Juhani,"8,403"
Toivo,"8,177"
Mauri,"8,136"
Aki,"8,107"
Leevi,"8,023"
Kai,"7,986"
Kauko,"7,866"
Riku,"7,862"
Väinö,"7,762"
Reino,"7,650"
Otto,"7,505"
Niklas,"7,491"
Joel,"7,453"
Miika,"7,415"
Jarno,"7,345"
Rauno,"7,193"
Teuvo,"7,077"
Jan,"7,076"
Niilo,"6,877"
Valtteri,"6,753"
Veeti,"6,745"
Daniel,"6,701"
Olavi,"6,398"
Tauno,"6,385"
Ossi,"6,276"
Rasmus,"6,198"
Veijo,"6,116"
Ismo,"6,049"
Roope,"6,001"
Santeri,"5,848"
Anssi,"5,796"
Osmo,"5,789"
Kalevi,"5,718"
Atte,"5,612"
Oskari,"5,583"
Asko,"5,525"
Aaro,"5,511"
Vilho,"5,498"
Anton,"5,449"
Samuli,"5,344"
Miro,"5,308"
Aimo,"5,147"
Samu,"5,134"
Taisto,"5,061"
Yrjö,"5,035"
Oliver,"5,030"
Kim,"4,937"
Lassi,"4,928"
Tuukka,"4,928"
Aapo,"4,926"
Samuel,"4,854"
Emil,"4,686"
Johan,"4,631"
Aarne,"4,469"
Karl,"4,404"
Roni,"4,392"
Eemeli,"4,335"
Topi,"4,334"
Henry,"4,319"
Tarmo,"4,294"
Henrik,"4,266"
Tapani,"4,261"
Jimi,"4,247"
Mauno,"4,213"
Konsta,"4,161"
Miikka,"4,156"
Julius,"4,138"
Tatu,"4,097"
Viljo,"4,093"
Jyri,"4,089"
Erik,"4,060"
Arvo,"4,048"
Sakari,"4,036"
Johannes,"3,942"
Akseli,"3,909"
Ahti,"3,903"
Sauli,"3,892"
Tom,"3,891"
Kaarlo,"3,833"
Ilpo,"3,830"
Aatu,"3,817"
Saku,"3,808"
Alpo,"3,748"
Patrik,"3,732"
Alex,"3,697"
Max,"3,682"
Lars,"3,634"
Vili,"3,626"
Kaj,"3,620"
Unto,"3,486"
Veli-Matti,"3,452"
Oiva,"3,449"
Rami,"3,445"
Kristian,"3,409"
Kasper,"3,362"
Kyösti,"3,334"
Jonne,"3,324"
Eemil,"3,315"
Peter,"3,295"
Viljami,"3,216"
Juha-Pekka,"3,211"
Heimo,"3,195"
Iiro,"3,186"
Miska,"3,091"
Aulis,"3,070"
Benjamin,"3,041"
Eelis,"2,993"
Jukka-Pekka,"2,976"
Sampo,"2,967"
Jami,"2,948"
Nico,"2,881"
Lenni,"2,881"
Topias,"2,857"
Eeli,"2,784"
Hans,"2,782"
Robert,"2,772"
Sebastian,"2,771"
Teppo,"2,758"
Tony,"2,717"
Pyry,"2,712"
Urho,"2,642"
Sulo,"2,597"
Otso,"2,581"
Leif,"2,574"
Petteri,"2,540"
Aku,"2,531"
Thomas,"2,504"
Aaron,"2,486"
Luka,"2,477"
Miko,"2,460"
Santtu,"2,458"
Hugo,"2,389"
Perttu,"2,383"
Panu,"2,377"
Ilari,"2,375"
Alexander,"2,371"
Harry,"2,356"
Veli-Pekka,"2,309"
Voitto,"2,290"
Carl,"2,250"
Juha-Matti,"2,220"
Urpo,"2,193"
Robin,"2,191"
Luukas,"2,180"
Rainer,"2,177"
Olli-Pekka,"2,170"
Tomas,"2,151"
Veikka,"2,136"
Jonas,"2,134"
Nooa,"2,128"
John,"2,110"
Terho,"2,083"
Nils,"2,043"
Elmeri,"2,029"
Aarno,"2,028"
Noel,"2,013"
Ilmari,"2,002"
Antero,"1,995"
Peetu,"1,979"
Jasper,"1,950"
Paul,"1,934"
Christian,"1,910"
Reima,"1,885"
Tino,"1,885"
Teijo,"1,880"
Klaus,"1,878"
Nuutti,"1,833"
Aarre,"1,830"
Bengt,"1,808"
Oskar,"1,797"
Anders,"1,786"
Lucas,"1,780"
Stig,"1,762"
Joonatan,"1,760"
Stefan,"1,743"
Lari,"1,742"
Hannes,"1,738"
Arvi,"1,729"
Aatos,"1,708"
Joakim,"1,705"
Severi,"1,696"
Lukas,"1,677"
Rolf,"1,656"
Ari-Pekka,"1,651"
Kaapo,"1,650"
Tommy,"1,644"
Aarni,"1,633"
Sven,"1,586"
Kalervo,"1,567"
Frans,"1,565"
Kasperi,"1,563"
Karri,"1,558"
Axel,"1,537"
Oscar,"1,528"
Justus,"1,519"
Kurt,"1,512"
Jesper,"1,501"
Andreas,"1,501"
Marcus,"1,494"
Jori,"1,492"
Erno,"1,459"
Martin,"1,454"
Tenho,"1,444"
Manu,"1,421"
Luca,"1,404"
William,"1,396"
Sisu,"1,394"
Mats,"1,385"
Jerry,"1,378"
Ralf,"1,378"
Kenneth,"1,367"
Taneli,"1,364"
Ali,"1,356"
Kimi,"1,349"
Alvar,"1,347"
Elmo,"1,294"
Timi,"1,290"
Rauli,"1,285"
Jari-Pekka,"1,284"
Bo,"1,279"
Per,"1,259"
Patrick,"1,249"
Touko,"1,240"
Taavi,"1,236"
Björn,"1,233"
Simon,"1,227"
Fredrik,"1,204"
Jonathan,"1,202"
Heino,"1,201"
Viktor,"1,201"
Raine,"1,195"
Vertti,"1,172"
Verneri,"1,148"
Jooa,"1,143"
Juhana,"1,130"
Michael,"1,129"
Jiri,"1,123"
Mico,"1,083"
Ulf,"1,071"
Felix,"1,069"
Linus,"1,062"
Kevin,"1,061"
Dan,"1,058"
Kosti,"1,056"
Eerik,"1,054"
Helge,"1,048"
Tuure,"1,041"
Jan-Erik,"1,031"
Casper,"1,025"
Eemi,"1,005"
Sampsa,"1,004"
Milo,"1,001"
Tobias,993
Mathias,987
Artturi,978
Mohamed,963
David,958
Armas,955
Bror,950
Allan,944
Ville-Veikko,927
Christer,922
Niki,920
Auvo,917
Ilmo,910
Visa,906
Erkka,898
Jens,896
Magnus,886
Taito,875
Alf,861
Adam,842
Kjell,836
Iikka,828
Roger,820
Krister,818
Noah,813
Victor,810
Valto,809
Edvin,804
Jalo,778
Göran,778
Petrus,772
Jose,772
Altti,771
Jussi-Pekka,762
Marco,761
Vesa-Matti,757
Jeremias,757
Börje,751
Joose,751
Niclas,746
Waltteri,742
Aleksanteri,741
Jarl,740
Isto,735
Tiitus,734
Sasu,733
Kaarle,731
Jimmy,731
Ukko,730
Albert,727
Teo,716
Jon,708
Jonatan,702
Eliel,701
Okko,687
Antton,684
Filip,681
Nikolas,672
Tor,668
Johnny,665
Roy,662
Niila,638
Richard,632
Torsti,626
Paulus,623
Eric,622
Nicolas,622
Turo,617
Ahmed,612
Oula,607
Jim,605
Dennis,599
Jonni,599
Åke,590
Iivari,586
Leon,585
Elia,584
Ensio,582
Noa,577
Hemmo,576
Tim,572
Håkan,566
Christoffer,563
Liam,561
Gabriel,561
Rene,557
Bjarne,553
Kauno,549
Ilja,545
Nicholas,542
Andrei,540
Reko,539
Vincent,536
Ben,535
Atso,525
Usko,524
Isak,523
Gunnar,523
Jalmari,522
Raino,520
Hermanni,516
Ville-Pekka,515
Mark,511
Frank,511
Eevert,509
Iivo,509
Venni,508
Sam,508
Vesa-Pekka,504
Mio,501
Petja,500
Rafael,496
Nikolai,492
Miki,489
Juri,487
Pietari,480
Mirko,476
Dani,475
Jasu,471
Eppu,469
Guy,469
Antti-Jussi,467
Aamos,466
Walter,466
Eljas,462
Adrian,460
Toimi,456
Theo,454
Arno,453
Aapeli,449
Valter,449
Elis,446
Aron,446
Arne,445
Kari-Pekka,440
Georg,439
Vladimir,438
Gustav,430
Amos,426
Jare,421
Aatto,419
Sten,418
Jaro,417
Antti-Pekka,417
Aukusti,416
Boris,412
Pontus,411
Einari,408
Christopher,407
Turkka,402
Ronny,400
Arsi,395
Tage,390
Nicklas,390
Samppa,389
Into,388
Pekko,387
Klas,384
Kent,382
Rune,381
Neo,378
Soini,378
Antto,375
Uuno,375
André,373
Kaius,372
Mohammad,371
Mattias,370
Aksel,364
Kristoffer,357
Jakob,352
Asmo,352
Omar,350
Mikke,347
Orvo,342
Wille,340
Ole,339
Osku,339
Bruno,334
Jonny,333
Aleksandr,333
Sergei,332
Matts,328
Romeo,326
Nestori,326
Elliot,325
Artur,324
Van,323
Maxim,322
Elmer,321
Ville-Petteri,320
Ivan,317
Nino,317
Vilppu,314
Valde,313
Svante,310
Joa,310
Anttoni,309
Igor,306
Philip,306
Kaino,306
Albin,305
Arthur,305
Karo,302
Pete,302
Aleksander,300
Pavel,298
Herman,298
Pietu,298
Olof,298
Wilhelm,297
Ruben,296
Esa-Pekka,296
Mohammed,296
Mitja,295
Ove,294
Erkko,294
Gösta,293
Pirkka,292
Per-Erik,292
Ville-Matti,292
Lennart,291
Hannu-Pekka,291
Birger,291
Kasimir,290
Mertsi,290
Aake,290
Ibrahim,289
Jacob,289
Jari-Matti,289
Asser,287
Bernt,284
Jörgen,284
James,283
Torsten,282
Karim,282
Jean,282
Abdirahman,279
Sune,279
Herkko,278
Maunu,278
Amir,277
Petro,276
Aleksis,275
Roland,275
Viljam,274
Ari-Matti,274
Einar,274
August,273
Nikita,272
Vihtori,272
Joosua,271
Petter,271
Ernst,269
Nikke,269
Evert,268
Jack,268
Marius,265
Benny,264
Totti,264
Berndt,263
Edvard,263
Joachim,263
Alvin,263
Denis,262
Roman,262
Maximilian,262
Edward,262
Karl-Erik,259
Iisakki,257
Rikhard,257
Jaani,257
Juho-Pekka,257
Masi,257
Immo,256
Timo-Pekka,254
Alfred,254
Arvid,253
Rony,252
Verner,252
Aslak,251
Dick,250
Ohto,250
Jake,249
Jetro,248
Jason,247
Kuisma,247
Valo,246
Dimitri,244
Knut,243
Lars-Erik,242
Joshua,241
Muhammad,239
Ted,239
Bertel,238
Carl-Johan,237
Aleksei,237
Ingmar,236
Eeti,236
Abdullahi,235
Oleg,233
Manne,232
Jone,231
Peik,230
Julian,229
Charles,229
Anselmi,227
Olli-Matti,226
Pessi,226
Samir,225
Mårten,225
Yngve,225
Ivar,221
Rauni,220
Kare,220
Ola,217
Ronnie,217
Konstantin,217
Alvari,216
Holger,216
Staffan,214
Jasse,213
Renne,212
Raul,212
Conny,212
Ian,211
Casimir,211
Ville-Valtteri,209
Wiljami,209
Tore,208
Eddie,207
Jali,205
Aarto,205
Kennet,205
Dmitri,205
Mustafa,205
Maksim,204
Alexandre,203
Sergey,202
Caj,202
Sture,202
Manuel,201
Simeon,201
Anthony,201
Alec,201
Jani-Petteri,199
Aappo,199
Joe,199
Mike,198
Matthew,198
Miio,197
Frej,197
Hassan,197
Jaska,197
Olle,195
Helmer,195
Jermu,195
Melvin,194
Glenn,193
Antonio,193
Dominic,193
Simo-Pekka,192
Sixten,192
Iisak,191
Kerkko,191
Wilmer,191
Veini,190
Ahmad,189
Mikhail,187
Huugo,186
Milton,185
Rico,185
Jarko,185
Ami,185
Edwin,184
Folke,184
René,183
Benjam,182
Sören,182
Kristo,180
Terno,180
Jesperi,180
Jeremia,180
Carlos,179
Leonard,179
Nemo,178
Sami-Pekka,178
Wäinö,177
Karl-Johan,177
Kuutti,177
Jusa,177
Ron,176
Isac,175
Kari-Matti,174
Gustaf,173
Mihail,173
Fred,173
Harald,172
Atro,172
Sami-Petteri,172
Hussein,171
Micke,171
Rudolf,171
Miiko,170
Marc,169
Hemmi,167
Yusuf,167
Aate,166
Hamza,164
Saska,164
Ken,163
Valentin,163
Vilhelm,162
Kirill,162
Levi,161
Andrew,161
Elja,161
Andrey,161
Ossian,160
Mehmet,159
Jan-Peter,158
Torbjörn,158
Viggo,158
Benjami,157
Jan-Mikael,157
Uolevi,156
Tristan,156
Leonardo,156
Jani-Pekka,155
Kauri,154
Remu,153
Rickard,153
Henrikki,153
Cristian,153
Zacharias,153
Juho-Matti,152
Esa-Matti,151
Said,151
Valeri,149
Kullervo,149
Abdi,149
Bertil,148
Sakke,148
Josef,148
Kusti,148
Risto-Matti,147
Thor,147
Sulevi,147
Per-Olof,147
Ragnar,146
Miiro,146
Ismail,146
Alexi,146
Uula,145
Niko-Petteri,145
Kaj-Erik,144
Alfons,144
Saul,144
Elo,141
Hiski,141
Alvi,139
Alexey,139
Dmitry,139
Clas,139
Werner,139
Aati,139
Kustaa,138
Akusti,137
Mitro,137
Matteus,136
Janne-Pekka,136
Torolf,136
Jero,136
Sven-Erik,135
Joseph,135
Titus,134
Lenny,132
Greger,132
Misa,132
Matti-Pekka,132
Jirka,131
Miklas,131
Curt,130
Juha-Petri,130
Anttu,129
Artem,128
Alexei,128
Amin,128
Eikka,127
Anas,127
Jyry,127
Rabbe,126
Kaspian,126
Khalid,126
Niilas,126
Vikke,126
Juhamatti,125
Hasan,125
Sammy,125
Juha-Petteri,124
Riku-Pekka,124
Juan,124
Claes,124
Ville-Markus,124
Ryan,123
Eevertti,122
Jeremy,122
Luke,122
Mikko-Pekka,122
Vinski,122
Liinus,122
Eeka,122
Miku,121
Pär,121
Jiro,121
Nathan,120
Roberto,120
Daniil,119
Morris,118
George,118
Valdemar,118
Werneri,118
Alpi,118
Jaajo,118
Nils-Erik,118
Alexis,118
Verne,118
Micael,118
Ahto,117
Colin,117
Abdul,117
Vadim,116
Mahamed,116
Edgar,116
Jaan,116
Valle,116
Tami,115
Fabian,115
Runar,115
Raoul,115
Harto,115
Milan,114
Auno,114
Juska,113
Tyko,113
Eduard,113
Silvo,112
Roi,112
Asla,112
Jussi-Petteri,111
Minh,111
Eerikki,111
Ture,111
Anatoli,111
Uljas,111
Måns,111
Patric,111
Bo-Erik,111
Alan,110
Jeri,110
Rufus,109
Sean,109
Mauritz,109
Hampus,108
Ludvig,108
Aksu,108
Myrsky,108
Thanh,108
Leino,108
Abdullah,108
Arimo,107
Timothy,107
Theodor,107
Andre,107
Taavetti,107
Valtti,107
Wiljam,106
Muhammed,106
Charlie,106
Weeti,106
Luis,106
Karlo,105
Vidar,105
Jakke,103
Kalle-Pekka,103
Olav,102
Milko,102
Riki,101
Riku-Petteri,101
Rolle,101
Elvis,101
Vladislav,101
Otava,100
Jerker,100
Carl-Erik,100
Keimo,100
Jan-Olof,100
Jasperi,99
Vili-Valtteri,99
Zakaria,99
Pehr,98
Valtter,98
Toomas,97
Eki,97
Jan-Henrik,97
Jaako,97
Carlo,96
Jeremi,96
Deniz,96
Ari-Jukka,96
Asseri,96
Dylan,95
Osman,95
Aale,95
Emilio,95
Kenny,95
Semi,94
Eemu,94
Eero-Pekka,94
Claus,93
Mario,93
Tuisku,93
Elian,93
Sakarias,93
Nestor,93
Rurik,93
Jouka,92
Joni-Petteri,92
Miguel,92
Evgeny,92
Adnan,91
Pedro,91
Aleks,91
Finn,91
Uno,91
Aki-Petteri,91
Jussa,90
Pepe,90
Jani-Matti,90
Urmas,90
Chris,90
Kosmo,90
Ano,90
Stanislav,89
Mikki,89
Sameli,89
Emir,89
Joni-Pekka,88
Kristofer,88
Emre,88
Remi,88
Vitali,87
Emppu,87
Steven,87
Ray,87
Niku,86
Ronald,86
Ethan,86
Antti-Juhani,86
Hans-Erik,86
Joska,85
Wili,85
Vieno,84
Leonid,84
Fjalar,84
Md.,84
Jerri,84
Dag,84
Taimo,84
Yasin,84
Jan-Kristian,83
Herbert,83
Selim,82
Marek,82
Alarik,82
Veetu,81
Mika-Petteri,81
Marlo,81
Carl-Gustav,80
Ricardo,80
Joacim,80
Brian,80
Veli-Jussi,80
Jooel,80
Michel,80
Jan-Eric,80
Matteo,80
Dante,80
Nick,79
Totte,79
Matthias,79
Evan,79
Bilal,79
Jamal,78
Ilyas,78
Nicky,78
José,78
Sven-Olof,78
Miikael,78
Alessandro,77
Antti-Ville,77
Ralph,77
Jyri-Pekka,77
Eliot,77
Mika-Petri,77
Stephen,76
Otto-Ville,76
Timur,76
Ilppo,76
Ante,76
Lemmy,76
Tito,75
Renny,75
Timmy,75
Tahvo,75
Olli-Petteri,75
Elton,75
Emmanuel,74
Armo,74
Tarvo,74
Juho-Antti,74
Eugen,74
Karl-Gustav,74
Hasse,74
Aito,73
Ekku,73
Caius,73
Raymond,73
Huuko,73
Wilho,72
Jan-Markus,72
Bert,72
Arman,72
Maximus,72
Mika-Matti,72
Jokke,72
Hilding,72
Rayan,72
Nuuti,72
Diego,71
Reetu,71
Kian,71
Kaspar,71
Jamie,71
Pieti,71
Reeti,71
Teodor,71
Oliwer,70
Melker,70
Abel,70
Arnold,70
Jonah,70
Riko,70
Calle,70
Hamid,70
Tero-Pekka,70
Abdulkadir,70
Malte,69
Lenne,69
Hjalmar,69
Juuse,69
Rudi,69
Harri-Pekka,69
Miikkael,69
Jukka-Matti,69
Quoc,69
Jirko,69
Riku-Matti,69
Louis,68
Ere,68
Juho-Petteri,68
Risto-Pekka,68
Muhamed,68
Stephan,67
Caspian,67
Justin,67
Janne-Petteri,67
Juhapekka,67
Eskil,67
Nikolaos,67
Tomi-Pekka,67
Jony,66
Morgan,66
Kenth,66
Mohamud,66
Junnu,66
Valio,66
Ruuben,66
Jussi-Matti,66
Helmeri,66
Veli-Jukka,66
Isaac,66
Murat,65
Viking,65
Nelson,65
Carl-Henrik,65
Mika-Pekka,65
Jan-Anders,65
Julle,65
Moritz,65
Alexandros,65
Pablo,65
Mehdi,65
Jona,65
Carl-Gustaf,65
Ingvar,64
Serguei,64
Franz,64
Dominik,64
Ilya,64
Ahmet,64
Josua,64
Launo,64
Ollipekka,64
Steve,64
Jukka-Petteri,63
Youssef,63
Vaito,63
Trygve,63
Robi,63
Md,63
Mohamad,63
Elof,63
Andy,63
Tor-Erik,62
Vili-Petteri,62
Lenna,62
Marlon,62
Pauno,62
Mahdi,62
Cay,62
Konrad,62
Masa,61
Pasi-Pekka,61
Lalli,61
Jordan,61
Jamiel,61
Andrea,60
Duc,60
Timo-Jaakko,60
Mahad,60
Lionel,60
Josi,60
Abbas,60
Ariel,60
Arian,59
Janne-Matti,59
Kiril,59
Karl-Henrik,59
Kunto,59
Yahya,59
Anto,59
Sasha,59
Atle,59
Aram,59
Sipi,59
Matvei,59
Jari-Jukka,58
Andres,58
Anthon,58
Stig-Erik,58
Rikard,58
Jerome,58
Ale,58
Georgios,58
Sander,58
Vilmer,58
Mici,58
Mikko-Petteri,58
Seemi,58
Ludwig,58
Elvin,58
Velimatti,58
Nabil,57
Velu,57
Ville-Oskari,57
Salomo,57
Sigurd,57
Zachary,57
Kuura,57
Waltter,57
Raineri,57
Yahye,56
Bernhard,56
Jooseppi,56
Arho,56
Jura,56
Musa,56
Robertino,56
Willy,56
Torvald,56
Egil,56
Ramin,55
Lars-Johan,55
Johann,55
Algot,55
Ermo,55
Salomon,55
Cedric,55
Lennu,55
Nicke,55
Ristomatti,55
Joar,55
Veli-Heikki,55
Melwin,55
Anh,55
Nikolay,54
Kaapro,54
Ate,54
Valte,54
Artti,54
Paavali,54
Stig-Olof,54
Ilias,54
Scott,54
Paolo,53
Jomi,53
Vilhelmi,53
Keni,53
Alexandr,53
Emanuel,53
Eirik,53
Enzo,53
Aki-Pekka,53
Jari-Petteri,53
Runo,53
Riiko,53
Leonel,53
Kaleva,52
Malik,52
Yury,52
Rachid,52
Brandon,52
Karel,52
Mikail,52
Mustapha,52
Francisco,52
Feetu,52
Toni-Pekka,51
Abdifatah,51
Ukko-Pekka,51
Seyed,51
Juha-Antti,50
Damian,50
Arttur,50
Winston,50
Elijah,50
Saku-Petteri,50
Ngoc,50
Feliks,50
Waldemar,50
Khaled,50
Fredric,49
Karlos,49
Lassi-Pekka,49
Antoni,49
Damien,49
Per-Ole,49
Christofer,49
Isko,49
Eeki,49
Glen,49
Vesa-Heikki,49
Markko,49
Marcos,49
Danny,49
Hoang,49
Jaakob,49
Rio,49
Jan-Christian,48
Ruslan,48
Ville-Matias,48
Veli-Antti,48
Miso,48
Ricky,48
Konstantinos,48
Quang,48
Lippo,48
Huu,48
Stig-Göran,48
Veli-Mikko,48
Carl-Magnus,48
Jemi,48
Bill,48
Darin,48
Petr,47
Marcel,47
Antte,47
Ömer,46
Fritz,46
Tomy,46
Havu,46
Oke,46
Troy,46
Alberto,46
Juhan,46
Don,46
Evald,46
Paulo,46
Jore,46
Ilo,46
Ensi,46
Velipekka,45
Andrej,45
Hanno,45
Caspar,45
Niko-Pekka,45
Veli-Petteri,45
Adel,45
Muisto,45
Juno,45
Faisal,45
Imran,45
Mert,45
Paul-Erik,45
Bror-Erik,45
Derek,45
Jani-Petri,44
Päivö,44
Halti,44
Jukkapekka,44
Mahmoud,44
Jaron,44
Sammeli,44
Ernest,44
Vasili,44
Daniele,44
Jevgeni,44
Miron,44
Erpo,44
Nisse,44
Niiles,44
Matheo,44
Joni-Matti,44
Jeppe,43
Eetu-Petteri,43
Amar,43
Kamal,43
Adil,43
Omer,43
Anwar,43
Lars-Olof,43
Taro,43
Pietro,43
Alek,43
Aidan,43
Jan-Ole,43
Viki,43
Sayed,42
Jopi,42
Jayden,42
Toma,42
Odin,42
Teddy,42
Bo-Göran,42
Juha-Heikki,42
Lari-Pekka,42
Yassin,42
Terjo,42
Ari-Petteri,42
Rinaldo,42
Reh,41
Ayub,41
Päiviö,41
Kai-Erik,41
Jari-Petri,41
Jusu,41
Liban,41
Romi,41
Aki-Matti,41
Marko-Tapio,41
Dino,41
Roine,41
Kay,41
Timofei,40
Amadeus,40
Untamo,40
Saad,40
Francesco,40
Georgi,40
Syed,40
Mino,40
Nasir,40
Kirmo,40
Joeli,40
Joosa,40
Janek,40
Jasin,40
Retu,40
Aapi,40
Seth,40
Pasi-Petteri,40
Reza,40
Haidar,40
Stefano,40
Larry,39
Veka,39
Ebbe,39
Nici,39
Hong,39
Aston,39
Tuovi,39
Remo,39
Tomi-Petteri,39
Toni-Petteri,39
Philippe,39
Jalmar,39
Hussain,39
Aku-Petteri,39
Mostafa,39
Xuan,38
Rickhard,38
Salah,38
Jerkko,38
Sippo,38
Göte,38
Akram,38
Varma,38
Hannu-Matti,38
Ake,38
Taha,38
Dimitrios,38
Marwan,38
Tatu-Pekka,38
Lev,38
Seeti,38
Antony,38
Arif,38
Lauri-Pekka,38
Azad,38
Ville-Mikko,37
Hakan,37
Walid,37
Veli-Markku,37
Mikko-Matti,37
Ilia,37
Eilo,37
Farid,37
Jan-Eerik,37
Osvald,37
Oma,37
Owen,37
Georgij,37
Pellervo,37
Iisko,37
Chi,37
Carl-Eric,37
Sakariye,37
Gert,37
Theodore,37
Diar,36
Jaso,36
Tico,36
Frey,36
Abdulahi,36
Arttu-Pekka,36
Mikko-Ville,36
Daavid,36
Filipp,36
Misca,36
Ayman,36
Miitri,36
Juha-Mikko,36
Hakim,36
Florian,36
Zakariya,36
Sylvester,36
Eetu-Pekka,36
Joosu,36
Darius,36
The,36
Donald,36
Francis,36
Ioannis,36
Jedi,36
Aslan,36
Egor,36
Reidar,35
Jymy,35
Aziz,35
Olli-Heikki,35
Egon,35
Samu-Petteri,35
Aku-Pekka,35
El,35
Armin,35
Jörn,35
Onni-Pekka,35
Veerti,35
Nathaniel,35
Östen,35
Artjom,35
Haris,35
Emin,35
Hans-Peter,35
Setti,35
Mateo,35
Freddy,35
Mikko-Matias,35
Danil,35
Omid,35
Nikola,34
Leander,34
Venne,34
Dan-Erik,34
Arni,34
Kasmir,34
Raphael,34
Gary,34
Nicolai,34
Adiel,34
Aari,34
Ervo,34
Evgeni,34
Ari-Juhani,34
Koitto,34
Antti-Matti,34
Jorge,34
Adem,34
Simopekka,34
Dave,34
Otto-Pekka,34
Danial,34
Aadam,34
Ronni,34
John-Erik,34
Samy,33
Can,33
Nilla,33
Khalil,33
Sonny,33
Jaroslav,33
Dario,33
Efe,33
Bastian,33
Brahim,33
Idris,33
Maxwell,33
Joas,33
Volter,33
Pyry-Petteri,33
Lars-Göran,33
Lamin,33
Uki,33
Aare,33
Christos,33
Matti-Juhani,33
Eli,33
Jyri-Petteri,33
Birk,33
Sointu,33
Niels,33
Grigori,33
Metin,33
Arda,33
Hendrik,33
Jouna,33
Tarik,33
Aaretti,33
Cameron,32
Claudio,32
Ammar,32
Mirka,32
Noam,32
Ville-Juhani,32
Ingemar,32
Allu,32
Juho-Ville,32
Philipp,32
Jere-Petteri,32
Hashim,32
Alho,32
Thure,32
Baran,32
Jaki,32
Arjo,32
Valentino,32
Veli-Juhani,32
Antti-Oskari,32
Adolf,32
Rino,32
Mitri,32
Erol,32
Hüseyin,32
Bob,32
Janus,32
Alejandro,32
Farhan,32
Stepan,32
Jouni-Pekka,32
Tien,32
Willem,32
Juho-Heikki,32
Hector,32
Henning,32
Younes,31
Kari-Tapio,31
Sante,31
Jaime,31
Tord,31
Kenan,31
Ramses,31
Hadi,31
Keith,31
Abdirisak,31
Olli-Jussi,31
Abdel,31
Dean,31
Mortti,31
Jürgen,31
Kristjan,31
Ivo,31
Vilgot,31
Ailo,31
Ayuub,31
Pierre,31
Vili-Veikko,31
Juho-Matias,31
Jay,31
Kemal,31
Aaku,31
Lars-Eric,31
Tor-Björn,31
Jüri,31
Cong,31
Janiel,31
Jeeli,30
Berat,30
Ismael,30
Oki,30
Aalto,30
Lars-Henrik,30
Juha-Ville,30
Miklos,30
Samu-Pekka,30
Edi,30
Misha,30
Yunus,30
Cosmo,30
German,30
Angelo,30
Love,30
Vennu,30
Saman,30
Sulho,30
Ville-Veikka,30
Christoph,30
Tarek,30
Juuso-Petteri,30
Jeffrey,30
Kivi,30
Sigvard,30
Salim,30
Janos,30
Nikolaj,30
Aripekka,30
Heikki-Pekka,29
Reini,29
Larri,29
Habib,29
Conrad,29
Enis,29
Bashir,29
Pate,29
Pyry-Pekka,29
Abdiaziz,29
Juha-Markus,29
Ville-Eemeli,29
Helke,29
Jussipekka,29
Johny,29
Gleb,29
Lawrence,29
Kaappo,29
Kyle,29
Billy,29
Kari-Juhani,29
Guido,29
Viacheslav,29
Miilo,29
Anssi-Pekka,29
Kalle-Petteri,29
Valery,29
Stanley,29
Tuan,29
Aabel,29
Gregory,29
Saku-Pekka,28
Lorenzo,28
Wertti,28
Jari-Juhani,28
Josia,28
Abdulrahman,28
Hanad,28
Antti-Veikko,28
Ylermi,28
Nilo,28
Olivier,28
Siilas,28
Harun,28
Yonis,28
Fuad,28
Pekka-Juhani,28
Théo,28
Nuno,28
Remy,28
Mauro,28
Sinan,28
Arash,28
Henri-Pekka,28
Tani,28
Kris,28
Fatih,28
Ernesti,28
Halil,28
Musab,28
Vesa-Petteri,28
Gilbert,28
Maurits,28
Feeli,28
Gennadi,28
Jaakko-Pekka,28
Vito,28
Enrico,28
Fernando,28
Vesa-Jukka,28
Sami-Petri,28
Enes,27
Jori-Pekka,27
Kalle-Matti,27
Veeti-Valtteri,27
Hartti,27
Silas,27
Mergim,27
Ora,27
Salman,27
Alessio,27
Frederick,27
Ville-Antti,27
Jeremiah,27
Ervin,27
Ismet,27
Jimmie,27
Rane,27
Vitaly,27
Devin,27
Jamil,27
Joosef,27
Dion,27
Kai-Markus,27
Mustafe,27
Antoine,27
Milad,27
Aiden,27
Mooses,27
Mainio,27
Lauri-Matti,27
Ukri,27
Jarre,27
Vilko,26
Eero-Matti,26
Björn-Erik,26
Connor,26
Pasi-Matti,26
Joni-Markus,26
Michele,26
Duy,26
Javier,26
Ville-Heikki,26
Tryggve,26
Nima,26
Peitsa,26
Lorenz,26
Federico,26
Walle,26
Lasse-Pekka,26
Gideon,26
Tan,26
Osma,26
Abdallah,26
Kamil,26
Dage,26
Marvin,26
Eliah,26
Peder,26
Suleiman,26
Carolus,26
Trong,26
Jules,26
Bruuno,26
Ville-Joonas,26
Juha-Veikko,26
Joonas-Petteri,26
Sani,26
Gerhard,26
Calvin,26
Erkan,26
Abraham,26
Tom-Erik,26
Kaj-Olof,26
Ville-Samuli,26
Sumu,25
Henno,25
Maxime,25
Sasa,25
Asa,25
Yousef,25
Alban,25
Asad,25
Micah,25
Evgueni,25
Feija,25
Sami-Matti,25
Yannick,25
Rick,25
Kurt-Erik,25
Abdimalik,25
Jyri-Matti,25
Andi,25
Nikko,25
Hardy,25
Veli-Markus,25
Thien,25
Leopold,25
Per-Henrik,25
Ridwan,25
Kassu,25
Eddy,25
Goran,25
Yasir,25
Enver,25
Tanu,25
Gia,25
Olli-Veikko,25
Simeoni,25
Peeter,25
Jared,25
Luqman,25
Jani-Markus,25
Orhan,25
Aydin,25
Karolus,25
Iivar,25
Abdirizak,25
Ako,25
Nalle,25
Bogdan,25
Mirco,25
Kai-Kristian,25
Iouri,25
Tero-Matti,25
Leimu,25
Niko-Matti,25
Imad,25
Riku-Ville,24
Nikodemus,24
Mohsen,24
Farhad,24
Sébastien,24
Antti-Petteri,24
Xavier,24
Karwan,24
Ramon,24
Viatcheslav,24
Jurkka,24
Nader,24
Juha-Tapio,24
Ville-Waltteri,24
Lee,24
Aden,24
Shahin,24
Kai-Mikael,24
Aro,24
Juho-Jaakko,24
Veli-Petri,24
Abdirahim,24
Jarto,24
Zakariye,24
Jukka-Tapio,24
Léo,24
Aiman,24
Mick,24
Nolan,24
Yoonis,24
Gustavo,24
Abdirashid,24
Remus,24
Viima,24
Manfred,24
Mahir,24
Misael,24
Vili-Pekka,24
Jere-Pekka,24
Sakri,24
Bryan,24
Hamse,24
Kaiku,24
Miles,24
Are,24
Kim-Erik,24
Alain,24
Faruk,23
Raikko,23
Petros,23
Jerko,23
Jethro,23
Julien,23
Abdinasir,23
Serhat,23
Rodi,23
Wictor,23
András,23
Kirka,23
Vesa-Petri,23
Rani,23
Jiko,23
Vinh,23
Matvey,23
Kerim,23
Fabio,23
Aatami,23
Rashid,23
Karl-Olof,23
Tomasz,23
Mahamud,23
Attila,23
Abukar,23
Eetu-Oskari,23
Timo-Juhani,23
Jommi,23
Vu,23
Yki,23
Lahja,23
Tariq,23
Josa,23
Bekim,23
Mica,23
Olli-Juhani,23
Tyler,23
Janne-Juhani,23
Miroslav,23
Stefanos,23
Husein,23
Abdurahman,23
Ari-Jussi,23
Felipe,23
Terry,23
Ari-Heikki,23
Veli-Ville,23
Ari-Petri,23
Heinz,23
Naser,23
Eepi,23
Fedor,22
Rudy,22
Khadar,22
Milos,22
Jami-Petteri,22
Abdulla,22
Antti-Heikki,22
Hamsa,22
Danila,22
Onni-Oskari,22
Benyamin,22
Douglas,22
Onur,22
Eduardo,22
Giuseppe,22
Elliott,22
Vasily,22
Jurij,22
Saarni,22
Aldo,22
Anselm,22
Aleksandar,22
Ara,22
Ahvo,22
Lion,22
Dmitrij,22
Villiam,22
Afrim,22
Erland,22
Tarkko,22
Markos,22
Driss,22
Jan-Ove,22
Solomon,22
Nikki,22
Rein,22
Carl-Axel,22
Mattis,22
Andréas,22
Fatmir,22
Artin,22
Caleb,22
Antti-Eemeli,22
Viet,22
Lenni-Kalle,22
Weikka,21
Hannu-Heikki,21
Jacques,21
Dahir,21
Hermann,21
Ferhat,21
Ernesto,21
Karl-Oskar,21
Terje,21
Janrik,21
Iippo,21
Jan-Krister,21
Leo-Pekka,21
Bernard,21
Sami-Jussi,21
Sami-Ville,21
Imre,21
Urban,21
Liiban,21
Miika-Matias,21
Gunder,21
Nichlas,21
Wilton,21
Jeemi,21
Le,21
Fouad,21
Sandro,21
Tiko,21
Atlas,21
Espen,21
Carl-Oscar,21
Heppu,21
Freddie,21
Juhopekka,21
Santiago,21
Giovanni,21
Timo-Matti,21
Vjatseslav,21
Pirkka-Pekka,21
Cedrik,21
Robbie,21
Frederik,21
Jama,21
Jarl-Erik,21
Austin,21
Dana,21
Milian,21
Tommie,21
Bengt-Erik,21
Shawn,21
Eren,21
Solmu,21
Brage,21
Kaiho,21
Jun,21
Ossi-Pekka,21
Sacha,21
Matti-Petteri,21
Frans-Emil,21
Abdurrahman,21
Aku-Matti,21
Noureddine,21
Carl-Olof,21
Kalle-Antti,21
Yann,21
Saif,21
Kadir,21
Joni-Petri,21
Abdelaziz,21
Penna,20
Petrik,20
Tomek,20
Wiggo,20
Olli-Mikko,20
Karrar,20
Sami-Jukka,20
Hessu,20
Jiska,20
Davide,20
Aryan,20
Arvin,20
Michail,20
Ilkka-Kristian,20
Ailu,20
Nicolás,20
Abderrahmane,20
Margus,20
Karl-Gustaf,20
Jegor,20
Alper,20
Guled,20
Carl-Christian,20
Per-Åke,20
Nikolaus,20
Ramazan,20
Ollimatti,20
Antreas,20
Olaf,20
Lars-Åke,20
Nasim,20
Dany,20
Jan-Michael,20
Poju,20
Sigge,20
Agim,20
Mete,20
Sem,20
Upi,20
Liibaan,20
Egzon,20
Albion,20
Yousif,20
Björn-Olof,20
Bruce,20
Hicham,20
Jalle,20
Matti-Jussi,20
Wincent,20
Faysal,20
Tomás,20
Anttijussi,20
Ba,20
Hendry,20
Nando,20
Thommy,20
Reni,20
Vesa-Ville,20
Pehr-Erik,20
Davin,20
Sebastien,20
Jan-Christer,20
Damir,20
Wiljo,20
Artto,20
Adi,20
Ringo,20
Kalle-Oskari,20
Nils-Johan,20
Ezra,20
Abdiqani,20
Roomeo,20
Eeropekka,20
Per-Johan,20
Feeliks,19
Silver,19
Kari-Jukka,19
Nur,19
Abubakar,19
Ari-Mikko,19
Cai,19
Jukka-Petri,19
Majid,19
Timitri,19
Rahim,19
Antonios,19
Jeff,19
Micky,19
Arben,19
Sverre,19
Jockum,19
Lari-Matti,19
Roobert,19
Kilian,19
Leonidas,19
Sandor,19
Juho-Oskari,19
Kouta,19
Gaius,19
Jooas,19
Wei,19
Juko,19
Niro,19
Jere-Matti,19
Trung,19
Mikko-Juhani,19
Amit,19
Mubarak,19
Veli-Martti,19
Reda,19
Abu,19
Alwin,19
Nils-Olof,19
Touho,19
Natanael,19
Ramzi,19
Heikki-Juhani,19
Jesse-Petteri,19
Maximillian,19
Gerald,19
Julio,19
Kai-Pekka,19
Abbe,19
Riccardo,19
Aape,19
Ardian,19
Emerik,19
Carl-Mikael,19
Panu-Petteri,19
Furkan,19
Darren,19
Umar,19
Massimo,19
Vellu,19
Fadi,19
Georges,19
Walther,19
Ayoub,19
Irfan,19
Eeri,19
Rodrigo,19
Henric,19
Baris,19
Hemming,18
Veli-Veikko,18
Siimon,18
Leni,18
Anatoly,18
Tauri,18
Alireza,18
Uuras,18
Edin,18
Olli-Ville,18
Jonnie,18
Salmaan,18
Viliam,18
Marko-Tapani,18
Esapekka,18
Kåre,18
Atilla,18
Esa-Petteri,18
Raikas,18
Juuso-Pekka,18
Saeed,18
Ati,18
Lino,18
Jaakko-Juhani,18
Juha-Jaakko,18
Kari-Jussi,18
Timoteus,18
Norman,18
Ilkka-Pekka,18
Jakov,18
Soni,18
Vesamatti,18
Almir,18
Yan,18
Elon,18
Georgy,18
Demir,18
Léon,18
Crister,18
Piotr,18
Joona-Petteri,18
Antti-Jaakko,18
Valfrid,18
Teemu-Pekka,18
Abdellah,18
Kai-Petteri,18
Aleksej,18
Miran,18
Alaa,18
Efraim,18
Dominick,18
Franco,18
Nils-Göran,18
Ansu,18
Tommi-Petteri,18
Per-Eric,18
Ruu,18
Atri,18
Gholam,17
Mikkel,17
Enrique,17
Sergio,17
Ghulam,17
Andriy,17
Jan-Åke,17
Marno,17
Kasim,17
Murad,17
Renni,17
Sharif,17
Kerem,17
Wilson,17
Ville-Hermanni,17
Juho-Mikko,17
Rebwar,17
Marios,17
Ilhan,17
Alen,17
Babak,17
Jere-Matias,17
Jari-Heikki,17
Mason,17
Besnik,17
Brendan,17
Grigory,17
Hubert,17
Kalle-Ville,17
Bujar,17
Axl,17
Rami-Pekka,17
Rodney,17
Savva,17
Wilhelmi,17
Zakari,17
Per-Håkan,17
Meelis,17
Jackson,17
Yuusuf,17
Heimer,17
Akira,17
Besim,17
Vili-Veikka,17
Kuuno,17
Ville-Aleksi,17
Antti-Mikael,17
Nadir,17
Ferdinand,17
Valon,17
Osama,17
Riad,17
Amer,17
Niko-Petri,17
Heinrich,17
Ioan,17
Aldin,17
Bore,17
Onni-Kalle,17
Wolfgang,17
Jesse-Pekka,17
Ropi,17
Ville-Kalle,17
Naim,17
Amine,17
Ville-Jussi,17
Abdelkader,17
Nuka,17
Teemu-Petteri,17
Kristopher,17
Wolf,17
Bayram,17
Toni-Markus,17
Iska,17
Peeti,17
Kari-Petteri,17
Arkan,17
Aran,16
Serge,16
Onni-Eemeli,16
Firat,16
Tri,16
Ilmar,16
Virmo,16
Cem,16
Cemal,16
Abdirahmaan,16
Artan,16
Serkan,16
Wiktor,16
Markku-Pekka,16
Didrik,16
Ayhan,16
Mikko-Oskari,16
Hai,16
Alpertti,16
Dmitrii,16
Erick,16
Ronan,16
João,16
Erkki-Mikael,16
Uoti,16
Hamed,16
Miro-Matias,16
Feodor,16
Onni-Matti,16
István,16
Maks,16
Safet,16
Caro,16
Dilan,16
Veija,16
Sherif,16
Abdikarim,16
Kalle-Juhani,16
Alf-Erik,16
Ari-Veikko,16
Ensar,16
Ross,16
Sabah,16
Veli-Hannu,16
Nathanael,16
Emrah,16
Fadil,16
Hans-Olof,16
Juho-Tuomas,16
Veli-Pentti,16
Arseni,16
Besart,16
Farah,16
Manh,16
Rocco,16
Samu-Ville,16
Cevin,16
Kawa,16
Armend,16
László,16
Immanuel,16
Burhan,16
Kalle-Eemeli,16
Anttipekka,16
Reimo,16
Ville-Vesa,16
Voima,16
Leif-Erik,16
Ulf-Erik,16
Volmar,16
Kale,16
Avni,16
Hossein,16
Jimmi,16
Josiah,16
Jarkko-Pekka,16
Samson,16
Ari-Ville,16
Filippo,16
Juho-Kusti,16
Pami,16
Mickey,16
Rodion,16
Ingvald,16
Emile,16
Thai,16
Zoltán,16
Kaj-Mikael,16
Indrek,16
Jaanus,16
Kjell-Erik,16
Yosef,16
Ewan,16
Serdar,15
Rocky,15
Paul-Henrik,15
Diyar,15
Trevor,15
Mika-Juhani,15
Timka,15
Harrison,15
Jesse-Joonas,15
Tatu-Matti,15
Nasser,15
Adan,15
Neil,15
Amjad,15
Pawel,15
Moses,15
Dmytro,15
Jafar,15
Raman,15
Stavros,15
Zaki,15
Aadolf,15
Arto-Pekka,15
Félix,15
Paju,15
Dexter,15
Thorvald,15
Ka,15
Basil,15
Harold,15
Aku-Ville,15
Rex,15
Jusuf,15
Soran,15
Veli-Valtteri,15
Volmari,15
Prince,15
Cody,15
Zana,15
Michal,15
Mart,15
Toby,15
Velmeri,15
Ekke,15
Jan-Magnus,15
Adriano,15
Cengiz,15
Rinor,15
Samuele,15
Ville-Pertti,15
Villematti,15
Matt,15
Tommaso,15
Mies,15
Fahad,15
Sirwan,15
Timo-Petteri,15
Tiera,15
Evangelos,15
Erfan,15
Isa,15
Arton,15
Kamran,15
Ata,15
Salar,15
Markku-Juhani,15
Wai,15
Firas,15
Yaroslav,15
Oska,15
Abdihakim,15
Bülent,15
Jalal,15
Stuart,15
Timofey,15
Iipo,15
Arhi,15
Cian,15
Timo-Tapio,15
Miiku,15
Logan,15
Nuur,15
Sigfrid,15
Tahir,15
Eddi,15
Jan-Patrik,15
Per-Anders,15
Toni-Petri,15
Cary,15
Yassine,15
Luan,15
Thorolf,15
Toni-Matti,15
Sunny,15
Ulrik,15
Emad,15
Geir,15
Masoud,15
Timjami,15
Yuri,15
Alvaro,15
Sami-Antti,15
Seelim,15
Jari-Antti,15
Juho-Kalle,15
Abdirisaq,15
Amadou,15
Heikki-Matti,15
Mateus,15
Zaid,15
Salem,15
Klas-Erik,15
Kie,15
Mirza,15
Erkka-Pekka,15
Fredrick,15
Mihkel,14
Jocke,14
Aki-Petri,14
Muhsin,14
Natan,14
Salih,14
Aapro,14
Uwe,14
Armi,14
Mishka,14
Jibril,14
Jannis,14
Yasser,14
Antonis,14
Andrzej,14
Make,14
Otto-Oskari,14
Sharmarke,14
Simi,14
Aivar,14
Bajram,14
Saku-Matti,14
Jari-Markus,14
Art,14
Bernd,14
Edmond,14
Nikos,14
Alfonso,14
Latif,14
Matti-Mikael,14
Jaripekka,14
Jörg,14
Kaan,14
Onni-Matias,14
Dinh,14
Tomer,14
Alexandro,14
Nipa,14
Rohan,14
Danilo,14
Artemi,14
Dorian,14
Hisham,14
Mourad,14
Ugur,14
Lewis,14
Morten,14
Zakarias,14
Demian,14
Umut,14
Dima,14
Vanja,14
Alexandru,14
Aren,14
Marko-Juhani,14
Najib,14
Rida,14
Jontte,14
Castor,14
Ramadan,14
Karl-Magnus,14
Yacine,14
Geoffrey,14
Nico-Petteri,14
Ingolf,14
Tao,14
Pär-Erik,14
Iman,14
Arun,14
Constantin,14
Velmu,14
Tiago,14
Ossi-Petteri,14
Péter,14
Loke,14
Hari,14
Jani-Mikael,14
Randy,14
Haider,14
Abdullaahi,14
Hemi,14
Mihhail,14
Timo-Jukka,14
Malek,14
Mubashir,14
Jonte,14
Juho-Eemil,14
Carl-Fredrik,14
Panu-Pekka,14
Toni-Mikael,14
Vasilij,14
Andrés,14
Abderrahim,14
Sakaria,14
Enso,14
Arbnor,14
Saleh,14
Villeveikko,14
Joao,14
Matts-Erik,14
Thore,14
Gökhan,14
Alve,14
Horst,14
Fedja,14
Kai-Eerik,14
Juusa,14
Amon,14
Saki,14
Fidel,14
Tane,14
Terence,14
Outi,14
Karol,14
Kelvin,14
Raphaël,14
Vesa-Veikko,14
Maxi,14
Christophe,14
Miika-Markus,14
Antti-Jukka,14
Shane,14
Per-Göran,14
Pette,13
Immu,13
Yakup,13
Tero-Petteri,13
Hansi,13
Leart,13
Rebin,13
Joni-Mikael,13
Vesa-Tapio,13
Aso,13
Hiwa,13
Ziad,13
Behzad,13
Casmir,13
Muslim,13
Fride,13
Timo-Jussi,13
Arin,13
Gennady,13
Jeton,13
Veli-Tapio,13
Petu,13
Akke,13
Mustaf,13
Arlind,13
Mesut,13
Mischa,13
Abshir,13
Mickael,13
Jakub,13
Seif,13
Raed,13
Ransu,13
Taru,13
Antti-Mikko,13
Jusef,13
Edon,13
Erich,13
Kiri,13
Morad,13
Rahul,13
Esra,13
Guillermo,13
Anis,13
Gabriele,13
Arn,13
Dan-Anders,13
Süleyman,13
Aki-Jussi,13
Ville-Tapio,13
Raivo,13
Sabir,13
Hunter,13
Carsten,13
Mano,13
Jan-Sebastian,13
Vili-Verneri,13
Yousuf,13
Kelpo,13
Béla,13
Sascha,13
Amiin,13
Jude,13
Malcolm,13
Otto-Emil,13
Erdal,13
Erkki-Pekka,13
Sverker,13
Vänni,13
Joannis,13
Kieran,13
Esu,13
Travis,13
Cole,13
Hektor,13
Masud,13
Clas-Göran,13
Eino-Juhani,13
Penjami,13
Simo-Petteri,13
Rieti,13
Faton,13
Tommo,13
Jukka-Tapani,13
Muhamad,13
Volkan,13
Craig,13
Momodou,13
Jahn,13
Astor,13
Erkki-Jussi,13
Esaias,13
Timo-Tapani,13
Hanne,13
Joan,13
Veli-Tapani,13
Yilmaz,13
Yonatan,13
Alari,13
Repe,13
Shaun,13
Wihtori,13
Pelle,13
Grels,13
Vyacheslav,13
Bedri,13
Ousman,13
Reuben,13
Ville-Tuomas,13
Kami,13
Miihkali,13
Norbert,13
Phi,13
Hamze,13
Karl-Anton,13
Lyly,13
Tran,13
Heljo,13
Ebrima,13
Eino-Pekka,13
Ekrem,13
Khaalid,13
Mentor,13
Mika-Markus,13
Rafik,13
Asto,13
Edmund,13
Raiko,13
Farzad,13
Pohto,13
Ville-Sakari,13
Daud,13
Deni,13
Ensti,13
Hans-Göran,13
Akim,13
Jari-Jussi,13
Senad,13
Topi-Matti,13
Marian,13
Styrbjörn,13
Juha-Veli,13
Semen,13
Veino,13
Armando,13
Rai,13
Carl-Göran,13
Klas-Göran,13
Abdiasis,13
Iiro-Pekka,13
Josse,13
Vilpas,13
Mauricio,12
Henkka,12
Axu,12
Marko-Pekka,12
Musse,12
Olli-Antti,12
Tamás,12
Eetu-Matti,12
Eldar,12
Joni-Juhani,12
Juha-Pertti,12
Adnaan,12
Nizar,12
Joah,12
Toive,12
Toni-Kristian,12
Mihka,12
Camilo,12
Sinuhe,12
Kalle-Veikko,12
Thorbjörn,12
Arsen,12
Reine,12
Juha-Markku,12
Lare,12
Rahman,12
Eetvi,12
Joonathan,12
Jann,12
Veli-Kalle,12
Vitaliy,12
Helmut,12
Erion,12
Lorik,12
Enok,12
Benja,12
Eetu-Ville,12
Erling,12
Mir,12
Nils-Eric,12
Haakon,12
Weikko,12
Lassi-Matti,12
Janne-Markus,12
Youcef,12
Ilyaas,12
Thord,12
Jon-Erik,12
Karipekka,12
Blake,12
Angel,12
Mikel,12
Sirius,12
Jari-Mikko,12
Jauri,12
Elwin,12
Hakon,12
Vinha,12
Arber,12
Aris,12
Ele,12
Mihku,12
Nhat,12
Akam,12
Muscab,12
Xander,12
Lorentz,12
Cao,12
Kristen,12
Oleksandr,12
Tyson,12
Agron,12
Asse,12
Tam,12
Matti-Esko,12
Semmi,12
Arlo,12
Eemel,12
Ilan,12
Sid,12
Jaromir,12
Jico,12
Ilir,12
Aleksandros,12
Elijas,12
Zion,12
Bekir,12
Zeb,12
Eeno,12
Veli-Erkki,12
Gani,12
Kosma,12
Marko-Mikael,12
Vedat,12
Antti-Einari,12
Pedram,12
Fitim,12
Villepekka,12
Visa-Pekka,12
Pehr-Olof,12
Doni,12
Kai-Juhani,12
Sten-Olof,12
Inge,12
Kaj-Henrik,12
Aras,12
Burak,12
Kalle-Valtteri,12
Janis,12
Jari-Tapio,12
Veli-Jaakko,12
Mirsad,12
Piko,12
Hamzah,12
Heikki-Tapio,12
Joël,12
Jussi-Heikki,12
Elmar,12
Jousia,12
Bilaal,12
Fikret,12
Khac,12
Saabir,12
Kajus,12
Cajus,12
Pjotr,12
Rikumatti,12
Esa-Petri,12
Shahram,12
Jarek,12
River,12
Roki,12
Esa-Jussi,12
Toni-Tapio,12
Taoufik,12
Csaba,12
Granit,12
Phuoc,12
Raimond,12
Muharrem,12
Oktay,12
Olli-Oskari,12
Tonny,12
Abdillahi,12
Kim-Johan,12
Mats-Erik,12
Henri-Mikael,12
Jussi-Mikko,12
Abdulaziz,12
Joona-Pekka,12
Lars-Peter,12
Abdalla,12
Bengt-Olof,12
Sergiy,12
Todd,12
Lars-Ole,12
Ewert,12
Mahmud,12
Nicola,12
Ram,12
Tanel,12
Kushtrim,12
Munir,12
Mukhtar,11
Reittu,11
Viimo,11
Gordon,11
Hani,11
Juhomatti,11
Vexi,11
Maurice,11
Ion,11
Mika-Erik,11
Nabeel,11
Joni-Kristian,11
Ville-Tapani,11
Rui,11
Erwin,11
Harras,11
Jaarli,11
Marko-Petteri,11
Hung,11
Muhannad,11
Fahim,11
Jimy,11
Yaqub,11
Mertzi,11
Antti-Tapio,11
Arkadi,11
Blerim,11
Karam,11
Davi,11
Eugene,11
Jori-Matti,11
Margo,11
Antti-Ilari,11
Semir,11
Sami-Kristian,11
Ville-Veli,11
Collin,11
Derrick,11
Semih,11
Sony,11
Karzan,11
Miro-Petteri,11
Oscari,11
Shayan,11
Jayson,11
Huy,11
Maher,11
Onni-Elmeri,11
Anatolij,11
Bakhtiar,11
Gottfrid,11
Kien,11
Kim-Henrik,11
Noor,11
Bashkim,11
Ehsan,11
Karri-Pekka,11
Pavlos,11
Ville-Mikael,11
Muad,11
Ihsan,11
Jonttu,11
Väiski,11
Dome,11
Ramiz,11
Reinhold,11
Jan-Martin,11
Jesse-Juhani,11
Lulzim,11
Ollie,11
Davy,11
Dirk,11
Abdulqadir,11
Eben,11
Timo-Heikki,11
Hemminki,11
Jari-Veikko,11
Zakarie,11
Erko,11
Jino,11
Jussi-Joonas,11
Kaijus,11
Barry,11
Mattia,11
Andrus,11
Mahmut,11
Ajan,11
Akilles,11
Cecil,11
Tommi-Pekka,11
Jouni-Matti,11
Mika-Tapio,11
Nour,11
Rain,11
Gazmend,11
Kert,11
Wael,11
Beni,11
Ares,11
Auku,11
Matti-Veikko,11
Sándor,11
Sadiq,11
Claude,11
Damon,11
Louie,11
Mahmood,11
Ykä,11
Roope-Oskari,11
Sabri,11
Gerard,11
Jyri-Petri,11
Antti-Matias,11
Yaxye,11
Alfredo,11
Junno,11
Kareem,11
Kristof,11
Ari-Juha,11
Benedict,11
Dmitriy,11
Jarkko-Juhani,11
Siim,11
Venneri,11
Laurent,11
Nihat,11
Eyal,11
Fatos,11
Noé,11
Abd,11
Arte,11
Finlay,11
Steffen,11
Thorsten,11
Abdisalam,11
Arri,11
Mitjo,11
Jan-Roger,11
Taher,11
Taave,11
Usama,11
Akif,11
Bahman,11
Emran,11
Vesa-Antti,11
Wesley,11
Abdishakur,11
Araz,11
Ikenna,11
Juho-Erik,11
Ebrahim,11
Patu,11
Etvi,11
Raafael,11
Visa-Matti,11
Adrien,11
Sead,11
Vahid,11
Jaakko-Matti,11
Johan-Erik,11
Juha-Erkki,11
Emiliano,11
Turjo,11
Matte,11
Tero-Tapio,11
Imraan,11
Yahia,11
Hamdi,11
Samer,11
Huima,11
Janko,11
Tempo,11
Kai-Petri,11
Kajo,11
Lotfi,11
Faris,11
Israel,11
Jasir,11
Saeid,11
Wojciech,10
Ozan,10
Santtu-Pekka,10
Aapo-Matti,10
Sergej,10
Suune,10
Abdiweli,10
Ashraf,10
Tomi-Matti,10
Volodymyr,10
Yu,10
Jani-Jukka,10
Antti-Olli,10
Carson,10
Haron,10
Ibraahim,10
Suhaib,10
Svantte,10
Vesa-Valtteri,10
Krisse,10
Joackim,10
Zsolt,10
Bahram,10
Wisam,10
Meo,10
Cristiano,10
Waleed,10
Jallu,10
Josu,10
Jussi-Tuomas,10
Jussi-Ville,10
Dimitris,10
Moussa,10
Alieu,10
Ferenc,10
Arttu-Eemeli,10
Marcello,10
Seán,10
Jannik,10
Eijo,10
Lennon,10
Dániel,10
Juho-Aleksi,10
Stig-Ole,10
Kamu,10
Onni-Ilmari,10
Kwok,10
Joopi,10
Yoav,10
Yuriy,10
Assar,10
Barham,10
Kaj-Gustav,10
Kaj-Johan,10
Salvatore,10
Sayd,10
Set,10
Shahid,10
Erasmus,10
Okan,10
Jesus,10
Samba,10
Ghassan,10
Umberto,10
Jehki,10
Remzi,10
Wen,10
Asher,10
Olli-Tapio,10
Jani-Kristian,10
Karl-Gunnar,10
Anthonio,10
Olov,10
Samueli,10
Miikka-Matias,10
Yavuz,10
Abdoulie,10
Maximiliam,10
Jerzy,10
Vesa-Mikko,10
Akil,10
Kim-Peter,10
Elion,10
Topi-Pekka,10
Eero-Veikko,10
Teljo,10
Yrjänä,10
Matti-Oskari,10
Atte-Oskari,10
Bjørn,10
Ila,10
Roopert,10
Muaad,10
Udo,10
Vallu,10
Fehmi,10
Carl-Anders,10
Örjan,10
Kaveh,10
Jari-Juha,10
Juha-Mikael,10
Miika-Matti,10
Nali,10
Petri-Juhani,10
Jan-Gustav,10
Jan-Håkan,10
Kaarne,10
Lauri-Juhani,10
Amor,10
Lowe,10
Finley,10
Hans-Christian,10
Joona-Matias,10
Joutsi,10
Arttu-Oskari,10
Leandro,10
Danel,10
Jochen,10
Jori-Petteri,10
Nadeem,10
Sere,10
Elyas,10
Jyrki-Pekka,10
Daan,10
Tamer,10
Veli-Tuomas,10
Franklin,10
Jean-Paul,10
Hany,10
Kaimo,10
Ercan,10
Fionn,10
Suheyb,10
Lex,10
Hilpi,10
Samo,10
Hans-Henrik,10
Guennadi,10
Hassen,10
Aleksey,10
Anse,10
Dimi,10
Ramesh,10
Esamatti,10
Áron,10
Otto-Eemeli,10
Sven-Eric,10
Haci,10
Jasmo,10
Leroy,10
Ville-Martti,10
Behar,10
Koda,10
Luuka,10
Ramiar,10
Sylvain,10
Jelmeri,10
Jesse-Matias,10
Arion,10
Mika-Antti,10
Nic,10
Niko-Ville,10
Kastriot,10
Valdo,10
Noeli,10
Han,10
Kari-Veikko,10
Mansour,10
Evgenii,10
Henri-Matias,10
Jan-Emil,10
Juha-Tuomas,10
Karl-Anders,10
Atos,10
János,10
Reo,10
Seyyed,10
Jermo,10
Kardo,10
Mikko-Jussi,10
Nguyen,10
Berk,10
Jonne-Pekka,10
Kari-Antti,10
Ari-Tapio,10
Arseny,10
Harro,10
Abdelkarim,10
Nhu,10
Simo-Heikki,10
Iko,10
Visar,10
Niko-Markus,10
Santino,10
Hayden,10
Idiris,10
Jarimatti,10
Valeriy,10
Lari-Petteri,10
Rostislav,10
Sorjo,10
Alon,10
Aman,10
Eron,10
Florent,10
Kalle-Markus,10
Teri,10
Walton,10
